"Variable / Field Name","Form Name","Section Header","Field Type","Field Label","Choices, Calculations, OR Slider Labels","Field Note","Text Validation Type OR Show Slider Number","Text Validation Min","Text Validation Max",Identifier?,"Branching Logic (Show field only if...)","Required Field?","Custom Alignment","Question Number (surveys only)","Matrix Group Name","Matrix Ranking?","Field Annotation"
pres_street_address,prescription_form,"Patient information/Address to send prescription",text,"Patient's street address",,"Street Address (include unit/apartment number, if applicable)",,,,y,,y,,,,,
pres_city,prescription_form,,text,City,,,,,,y,,y,,,,,
pres_state,prescription_form,,text,State,,,,,,y,,y,,,,,
pres_zipcode,prescription_form,,text,"Zip Code",,"Numbers only",number,10000,100000,y,,y,,,,,
pres_country,prescription_form,,text,"Country (if not in USA)",,"provide only if not in USA",alpha_only,,,,,,,,,,
pres_dop,prescription_form,"Prescriptions to send",text,"Date of prescription",,"Date (MM-DD-YYYY)",date_mdy,,,,,y,,,,,
pres_drug_name_1,prescription_form,,radio,"Statin to Prescribe","Atorvastatin, Atorvastatin | Rosuvastatin, Rosuvastatin","Select a statin to prescribe",,,,,,y,,,,,
pres_atorvastatin_dose,prescription_form,,radio,"Prescription selection of Atorvastatin","20, 20mg HS | 40, 40mg HS | 80, 80mg HS",,,,,,"[pres_drug_name_1] = 'Atorvastatin'",,,,,,]
pres_rosuvastatin_dose,prescription_form,,radio,"Prescription selection of Rosuvastatin","20, 20mg HS | 40, 40mg HS",,,,,,"[pres_drug_name_1] = 'Rosuvastatin'",,,,,,
pres_drug_route_1,prescription_form,,radio,"Statin Route","PO, PO",,,,,,,y,,,,,"@HIDDEN-FORM @DEFAULT=""PO"""
pres_drug_supply_1,prescription_form,,text,"Statin Supply (days)",,"Number only",integer,30,180,,,y,,,,,"@DEFAULT=""180"""
pres_drug_name_2,prescription_form,,radio,"ACE Inhibitor / ARB to prescribe","Lisinopril, Lisinopril | Losartan, Losartan","Select drug to prescribe",,,,,,,,,,,
pres_lisinopril_dose,prescription_form,,radio,"Prescription selection of Lisinopril","10, 10mg QD | 20, 20mg QD | 40, 40mg QD",,,,,,"[pres_drug_name_2] = 'Lisinopril'",,,,,,
pres_losartan_dose,prescription_form,,radio,"Prescription selection of Losartan","50, 50mg QD | 100, 100mg QD",,,,,,"[pres_drug_name_2] = 'Losartan'",,,,,,
pres_drug_route_2,prescription_form,,radio,"ACE/ARB Route","PO, PO",,,,,,,y,,,,,"@HIDDEN-FORM @DEFAULT=""PO"""
pres_drug_supply_2,prescription_form,,text,"ACE/ARB Supply (days)",,"Number only",integer,30,180,,,y,,,,,"@DEFAULT=""180"""
pres_drug_name_3,prescription_form,,radio,"Select 3rd prescription","Repatha, Repatha",,,,,,,,,,,,"@HIDDEN-FORM @DEFAULT=""Repatha"""
pres_repatha_dose,prescription_form,,radio,"Prescription selection of Repatha","140, 140mg q 2 weeks | 420, 420mg q month",,,,,,,y,,,,,
pres_drug_route_3,prescription_form,,radio,"Repatha route","INJ, INJ",,,,,,,y,,,,,"@HIDDEN-FORM @DEFAULT=""INJ"""
pres_drug_supply_3,prescription_form,,text,"Repatha Supply (days)",,"Number only",integer,30,180,,,y,,,,,"@DEFAULT=""180"""
send_rx_prescriber_id,prescription_form,,dropdown,Prescriber,,,,,,,,y,,,,,
