"Variable / Field Name","Form Name","Section Header","Field Type","Field Label","Choices, Calculations, OR Slider Labels","Field Note","Text Validation Type OR Show Slider Number","Text Validation Min","Text Validation Max",Identifier?,"Branching Logic (Show field only if...)","Required Field?","Custom Alignment","Question Number (surveys only)","Matrix Group Name","Matrix Ranking?","Field Annotation"
pres_street_address,prescription_form,"Patient information/Address to send prescription",text,"Patient's street address",,"Street Address (include unit/apartment number, if applicable)",,,,y,,y,,,,,
pres_city,prescription_form,,text,City,,,,,,y,,y,,,,,
pres_state,prescription_form,,text,State,,,,,,y,,y,,,,,
pres_zipcode,prescription_form,,text,"Zip Code",,"Numbers only",number,10000,100000,y,,y,,,,,
pres_country,prescription_form,,text,"Country (if not in USA)",,"provide only if not in USA",alpha_only,,,,,,,,,,
pres_dop,prescription_form,"Prescriptions to send",text,"Date of prescription",,"Date (MM-DD-YYYY)",date_mdy,,,,,y,,,,,
pres_drug_name_1,prescription_form,,radio,"Statin to Prescribe","1, Atorvastatin | 2, Rosuvastatin","Select a statin to prescribe",,,,,,y,,,,,
pres_atorvastatin_dose,prescription_form,,radio,"Prescription selection of Atorvastatin","20, 20mg HS | 40, 40mg HS | 80, 80mg HS",,,,,,"[pres_drug_name_1] = '1'",,,,,,"@DEFAULT=""80"""
pres_rosuvastatin_dose,prescription_form,,radio,"Prescription selection of Rosuvastatin","20, 20mg HS | 40, 40mg HS",,,,,,"[pres_drug_name_1] = '2'",,,,,,"@DEFAULT=""40"""
pres_drug_route_1,prescription_form,,radio,"Statin Route","1, PO",,,,,,,y,,,,,"@HIDDEN-FORM @DEFAULT=""1"""
pres_drug_supply_1,prescription_form,,text,"Statin Supply (days)",,"Number only",integer,30,180,,"[pres_drug_name_1] <>""""",y,,,,,"@DEFAULT=""180"""
pres_type_header,prescription_form,,descriptive,"Select ARB or ACE inhibitor:",,,,,,,,,,,,,
pres_drug_name_2,prescription_form,,radio,,"1, Lisinopril",,,,,,,,,,,,
pres_drug_name_3,prescription_form,,radio,,"1, Losartan",,,,,,,,,,,,
display_rule_2,prescription_form,,calc,"Display Rule 2","if([pres_drug_name_2] = 1,1,0)",,,,,,,,,,,,@HIDDEN
display_rule_3,prescription_form,,calc,"Display Rule 3 ","if([pres_drug_name_3] = 1,1,0)",,,,,,,,,,,,@HIDDEN
pres_lisinopril_dose,prescription_form,,radio,"Prescription selection of Lisinopril","10, 10mg QD | 20, 20mg QD | 40, 40mg QD",,,,,,"[pres_drug_name_2] = '1'",y,,,,,
pres_drug_route_2,prescription_form,,radio,"ACE/ARB Route","1, PO",,,,,,,y,,,,,"@HIDDEN_FORM @DEFAULT=""1"""
pres_drug_supply_2,prescription_form,,text,"ACE/ARB Supply (days)",,"Number only",integer,30,180,,"[pres_drug_name_2] = '1'",y,,,,,"@DEFAULT=""180"""
pres_losartan_dose,prescription_form,,radio,"Prescription selection of Losartan","50, 50mg QD | 100, 100mg QD",,,,,,"[pres_drug_name_3] = '1'",y,,,,,
pres_drug_route_3,prescription_form,,radio,"ACE/ARB Route 2","1, PO",,,,,,,y,,,,,"@HIDDEN-FORM @DEFAULT=""1"""
pres_drug_supply_3,prescription_form,,text,"ACE/ARB Supply (days)",,"Number only",integer,30,180,,"[pres_drug_name_3] = '1'",y,,,,,"@DEFAULT=""180"""
pres_drug_name_4,prescription_form,,radio,"Select evolocumab prescription","1, evolocumab",,,,,,,,,,,,"@DEFAULT=""1"""
pres_evolocumab_dose,prescription_form,,radio,"Prescription selection of evolocumab","140, 140mg q 2 weeks | 420, 420mg q month",,,,,,"[pres_drug_name_4] = '1'",y,,,,,
pres_drug_route_4,prescription_form,,radio,"evolocumab route","1, INJ",,,,,,,y,,,,,"@HIDDEN-FORM @DEFAULT=""1"""
pres_drug_supply_4,prescription_form,,text,"evolocumab supply (days)",,"Number only",integer,30,180,,"[pres_drug_name_4] = '1'",y,,,,,"@DEFAULT=""180"""
send_rx_prescriber_id,prescription_form,,dropdown,Prescriber,,,,,,,,y,,,,,
rx_confirmed,prescription_form,,notes,"Generate RX to be confirmed.",,,,,,,,,,,,,
